Age,1999(Initial Recovered Rate)
<1,0
4-1月,0.003014464
9-5月,0.017254756
14-10月,0.010318798
15-19,0.005426129
20-29,0.001127993
30+,0.000178075
,
Remark: The rate is calculated for England and Wales,
