Age,1999(Initial Recovered Rate)
<1,0
4-1月,0.002317
9-5月,0.005678
14-10月,0.00744
15-19,0.005013705
20-29,0.001511945
30+,0.000272469
,
Remark: The rate is calculated for England and Wales,
